Country,Year,Population(M)
Angola,1980,8.272
Benin,1980,3.75
Botswana,1980,0.963
Burkina Faso,1980,7.045
Burundi,1980,4.09
Cabo Verde,1980,0.289
Cameroon,1980,8.808
Central African Republic,1980,2.279
Chad,1980,4.514
Comoros,1980,0.353
Democratic Republic of the Congo,1980,25.124
Republic of Congo,1980,1.707
Côte d'Ivoire,1980,7.864
Equatorial Guinea,1980,0.255
Eritrea,1980,0.0
Eswatini,1980,0.567
Ethiopia,1980,32.444
Gabon,1980,0.748
The Gambia,1980,0.601
Ghana,1980,10.704
Guinea,1980,0.0
Guinea-Bissau,1980,0.782
Kenya,1980,15.721
Lesotho,1980,1.281
Liberia,1980,0.0
Madagascar,1980,8.679
Malawi,1980,6.564
Mali,1980,7.373
Mauritius,1980,0.966
Mozambique,1980,11.63
Namibia,1980,0.0
Niger,1980,5.794
Nigeria,1980,73.424
Rwanda,1980,5.101
São Tomé and Príncipe,1980,0.089
Senegal,1980,5.648
Seychelles,1980,0.063
Sierra Leone,1980,3.547
South Africa,1980,29.08
South Sudan,1980,0.0
Tanzania,1980,18.034
Togo,1980,2.822
Uganda,1980,11.264
Zambia,1980,5.551
Zimbabwe,1980,7.092
Angola,1981,8.495
Benin,1981,3.88
Botswana,1981,0.981
Burkina Faso,1981,7.212
Burundi,1981,4.21
Cabo Verde,1981,0.294
Cameroon,1981,9.064
Central African Republic,1981,2.348
Chad,1981,4.613
Comoros,1981,0.362
Democratic Republic of the Congo,1981,25.953
Republic of Congo,1981,1.76
Côte d'Ivoire,1981,8.043
Equatorial Guinea,1981,0.27
Eritrea,1981,0.0
Eswatini,1981,0.587
Ethiopia,1981,33.227
Gabon,1981,0.765
The Gambia,1981,0.638
Ghana,1981,10.961
Guinea,1981,0.0
Guinea-Bissau,1981,0.798
Kenya,1981,16.308
Lesotho,1981,1.315
Liberia,1981,0.0
Madagascar,1981,8.911
Malawi,1981,6.748
Mali,1981,7.533
Mauritius,1981,0.98
Mozambique,1981,11.913
Namibia,1981,0.0
Niger,1981,5.991
Nigeria,1981,75.441
Rwanda,1981,5.288
São Tomé and Príncipe,1981,0.09
Senegal,1981,5.803
Seychelles,1981,0.064
Sierra Leone,1981,3.634
South Africa,1981,29.83
South Sudan,1981,0.0
Tanzania,1981,18.601
Togo,1981,2.916
Uganda,1981,11.607
Zambia,1981,5.733
Zimbabwe,1981,7.3
Angola,1982,8.72
Benin,1982,3.999
Botswana,1982,1.017
Burkina Faso,1982,7.391
Burundi,1982,4.334
Cabo Verde,1982,0.299
Cameroon,1982,9.319
Central African Republic,1982,2.407
Chad,1982,4.718
Comoros,1982,0.371
Democratic Republic of the Congo,1982,26.81
Republic of Congo,1982,1.814
Côte d'Ivoire,1982,8.355
Equatorial Guinea,1982,0.291
Eritrea,1982,0.0
Eswatini,1982,0.608
Ethiopia,1982,34.175
Gabon,1982,0.781
The Gambia,1982,0.662
Ghana,1982,11.226
Guinea,1982,0.0
Guinea-Bissau,1982,0.815
Kenya,1982,16.9
Lesotho,1982,1.349
Liberia,1982,0.0
Madagascar,1982,9.15
Malawi,1982,6.923
Mali,1982,7.696
Mauritius,1982,0.993
Mozambique,1982,12.19
Namibia,1982,0.0
Niger,1982,6.199
Nigeria,1982,77.428
Rwanda,1982,5.486
São Tomé and Príncipe,1982,0.092
Senegal,1982,5.966
Seychelles,1982,0.064
Sierra Leone,1982,3.71
South Africa,1982,30.61
South Sudan,1982,0.0
Tanzania,1982,19.187
Togo,1982,3.023
Uganda,1982,11.962
Zambia,1982,5.918
Zimbabwe,1982,7.606
Angola,1983,8.948
Benin,1983,4.129
Botswana,1983,1.055
Burkina Faso,1983,7.58
Burundi,1983,4.461
Cabo Verde,1983,0.305
Cameroon,1983,9.574
Central African Republic,1983,2.467
Chad,1983,4.832
Comoros,1983,0.379
Democratic Republic of the Congo,1983,27.694
Republic of Congo,1983,1.87
Côte d'Ivoire,1983,8.779
Equatorial Guinea,1983,0.314
Eritrea,1983,0.0
Eswatini,1983,0.629
Ethiopia,1983,35.256
Gabon,1983,0.799
The Gambia,1983,0.688
Ghana,1983,11.501
Guinea,1983,0.0
Guinea-Bissau,1983,0.832
Kenya,1983,17.5
Lesotho,1983,1.384
Liberia,1983,0.0
Madagascar,1983,9.395
Malawi,1983,7.116
Mali,1983,7.864
Mauritius,1983,1.002
Mozambique,1983,12.44
Namibia,1983,0.0
Niger,1983,6.415
Nigeria,1983,79.415
Rwanda,1983,5.694
São Tomé and Príncipe,1983,0.095
Senegal,1983,6.14
Seychelles,1983,0.064
Sierra Leone,1983,3.797
South Africa,1983,31.41
South Sudan,1983,0.0
Tanzania,1983,19.791
Togo,1983,3.127
Uganda,1983,12.335
Zambia,1983,6.103
Zimbabwe,1983,7.849
Angola,1984,9.185
Benin,1984,4.259
Botswana,1984,1.093
Burkina Faso,1984,7.776
Burundi,1984,4.591
Cabo Verde,1984,0.312
Cameroon,1984,9.831
Central African Republic,1984,2.526
Chad,1984,4.958
Comoros,1984,0.383
Democratic Republic of the Congo,1984,28.608
Republic of Congo,1984,1.928
Côte d'Ivoire,1984,9.025
Equatorial Guinea,1984,0.338
Eritrea,1984,0.0
Eswatini,1984,0.652
Ethiopia,1984,36.415
Gabon,1984,0.816
The Gambia,1984,0.716
Ghana,1984,12.296
Guinea,1984,0.0
Guinea-Bissau,1984,0.85
Kenya,1984,18.1
Lesotho,1984,1.358
Liberia,1984,0.0
Madagascar,1984,9.647
Malawi,1984,7.368
Mali,1984,8.03
Mauritius,1984,1.012
Mozambique,1984,12.636
Namibia,1984,0.0
Niger,1984,6.634
Nigeria,1984,81.449
Rwanda,1984,5.832
São Tomé and Príncipe,1984,0.097
Senegal,1984,6.322
Seychelles,1984,0.065
Sierra Leone,1984,3.819
South Africa,1984,32.21
South Sudan,1984,0.0
Tanzania,1984,20.402
Togo,1984,3.232
Uganda,1984,12.734
Zambia,1984,6.291
Zimbabwe,1984,8.099
Angola,1985,10.35
Benin,1985,4.4
Botswana,1985,1.134
Burkina Faso,1985,7.979
Burundi,1985,4.726
Cabo Verde,1985,0.318
Cameroon,1985,10.093
Central African Republic,1985,2.595
Chad,1985,5.095
Comoros,1985,0.395
Democratic Republic of the Congo,1985,29.552
Republic of Congo,1985,1.988
Côte d'Ivoire,1985,9.374
Equatorial Guinea,1985,0.359
Eritrea,1985,0.0
Eswatini,1985,0.675
Ethiopia,1985,37.612
Gabon,1985,0.834
The Gambia,1985,0.746
Ghana,1985,12.572
Guinea,1985,0.0
Guinea-Bissau,1985,0.867
Kenya,1985,18.7
Lesotho,1985,1.39
Liberia,1985,0.0
Madagascar,1985,9.906
Malawi,1985,7.7
Mali,1985,8.188
Mauritius,1985,1.021
Mozambique,1985,12.764
Namibia,1985,0.0
Niger,1985,6.854
Nigeria,1985,83.563
Rwanda,1985,6.03
São Tomé and Príncipe,1985,0.099
Senegal,1985,6.512
Seychelles,1985,0.065
Sierra Leone,1985,3.895
South Africa,1985,32.98
South Sudan,1985,0.0
Tanzania,1985,21.036
Togo,1985,3.337
Uganda,1985,13.169
Zambia,1985,6.481
Zimbabwe,1985,8.385
Angola,1986,10.646
Benin,1986,4.541
Botswana,1986,1.176
Burkina Faso,1986,8.208
Burundi,1986,4.864
Cabo Verde,1986,0.325
Cameroon,1986,10.372
Central African Republic,1986,2.684
Chad,1986,5.247
Comoros,1986,0.408
Democratic Republic of the Congo,1986,30.528
Republic of Congo,1986,2.049
Côte d'Ivoire,1986,9.742
Equatorial Guinea,1986,0.376
Eritrea,1986,0.0
Eswatini,1986,0.698
Ethiopia,1986,38.839
Gabon,1986,0.852
The Gambia,1986,0.776
Ghana,1986,12.859
Guinea,1986,0.0
Guinea-Bissau,1986,0.886
Kenya,1986,19.3
Lesotho,1986,1.425
Liberia,1986,0.0
Madagascar,1986,10.171
Malawi,1986,8.133
Mali,1986,8.335
Mauritius,1986,1.028
Mozambique,1986,12.809
Namibia,1986,0.0
Niger,1986,7.076
Nigeria,1986,85.766
Rwanda,1986,6.237
São Tomé and Príncipe,1986,0.102
Senegal,1986,6.711
Seychelles,1986,0.066
Sierra Leone,1986,3.982
South Africa,1986,33.73
South Sudan,1986,0.0
Tanzania,1986,21.68
Togo,1986,3.439
Uganda,1986,13.641
Zambia,1986,6.676
Zimbabwe,1986,8.648
Angola,1987,10.918
Benin,1987,4.682
Botswana,1987,1.219
Burkina Faso,1987,8.435
Burundi,1987,5.007
Cabo Verde,1987,0.332
Cameroon,1987,10.667
Central African Republic,1987,2.741
Chad,1987,5.413
Comoros,1987,0.421
Democratic Republic of the Congo,1987,31.535
Republic of Congo,1987,2.112
Côte d'Ivoire,1987,10.12
Equatorial Guinea,1987,0.39
Eritrea,1987,0.0
Eswatini,1987,0.722
Ethiopia,1987,40.105
Gabon,1987,0.871
The Gambia,1987,0.808
Ghana,1987,13.155
Guinea,1987,0.0
Guinea-Bissau,1987,0.903
Kenya,1987,20.0
Lesotho,1987,1.492
Liberia,1987,0.0
Madagascar,1987,10.444
Malawi,1987,8.647
Mali,1987,8.474
Mauritius,1987,1.036
Mozambique,1987,12.786
Namibia,1987,0.0
Niger,1987,7.303
Nigeria,1987,88.048
Rwanda,1987,6.455
São Tomé and Príncipe,1987,0.105
Senegal,1987,6.918
Seychelles,1987,0.068
Sierra Leone,1987,4.069
South Africa,1987,34.46
South Sudan,1987,0.0
Tanzania,1987,22.336
Togo,1987,3.545
Uganda,1987,14.147
Zambia,1987,6.876
Zimbabwe,1987,8.919
Angola,1988,11.214
Benin,1988,4.833
Botswana,1988,1.263
Burkina Faso,1988,8.664
Burundi,1988,5.154
Cabo Verde,1988,0.339
Cameroon,1988,10.98
Central African Republic,1988,2.795
Chad,1988,5.59
Comoros,1988,0.435
Democratic Republic of the Congo,1988,32.576
Republic of Congo,1988,2.177
Côte d'Ivoire,1988,10.214
Equatorial Guinea,1988,0.402
Eritrea,1988,0.0
Eswatini,1988,0.747
Ethiopia,1988,41.42
Gabon,1988,0.89
The Gambia,1988,0.841
Ghana,1988,13.462
Guinea,1988,0.0
Guinea-Bissau,1988,0.921
Kenya,1988,20.7
Lesotho,1988,1.532
Liberia,1988,0.0
Madagascar,1988,10.724
Malawi,1988,9.185
Mali,1988,8.617
Mauritius,1988,1.043
Mozambique,1988,12.758
Namibia,1988,0.0
Niger,1988,7.534
Nigeria,1988,90.395
Rwanda,1988,6.682
São Tomé and Príncipe,1988,0.108
Senegal,1988,7.13
Seychelles,1988,0.069
Sierra Leone,1988,4.157
South Africa,1988,35.2
South Sudan,1988,0.0
Tanzania,1988,23.016
Togo,1988,3.653
Uganda,1988,14.679
Zambia,1988,7.083
Zimbabwe,1988,9.199
Angola,1989,11.521
Benin,1989,4.976
Botswana,1989,1.309
Burkina Faso,1989,8.895
Burundi,1989,5.305
Cabo Verde,1989,0.346
Cameroon,1989,11.313
Central African Republic,1989,2.852
Chad,1989,5.774
Comoros,1989,0.449
Democratic Republic of the Congo,1989,33.651
Republic of Congo,1989,2.314
Côte d'Ivoire,1989,10.63
Equatorial Guinea,1989,0.414
Eritrea,1989,0.0
Eswatini,1989,0.771
Ethiopia,1989,42.799
Gabon,1989,0.91
The Gambia,1989,0.875
Ghana,1989,13.779
Guinea,1989,0.0
Guinea-Bissau,1989,0.94
Kenya,1989,21.4
Lesotho,1989,1.576
Liberia,1989,0.0
Madagascar,1989,11.011
Malawi,1989,9.667
Mali,1989,8.774
Mauritius,1989,1.051
Mozambique,1989,12.806
Namibia,1989,0.0
Niger,1989,7.772
Nigeria,1989,92.788
Rwanda,1989,6.91
São Tomé and Príncipe,1989,0.111
Senegal,1989,7.346
Seychelles,1989,0.069
Sierra Leone,1989,4.254
South Africa,1989,35.97
South Sudan,1989,0.0
Tanzania,1989,23.737
Togo,1989,3.764
Uganda,1989,15.227
Zambia,1989,7.301
Zimbabwe,1989,9.488
Angola,1990,11.829
Benin,1990,5.133
Botswana,1990,1.358
Burkina Faso,1990,9.131
Burundi,1990,5.46
Cabo Verde,1990,0.354
Cameroon,1990,11.665
Central African Republic,1990,2.913
Chad,1990,5.963
Comoros,1990,0.462
Democratic Republic of the Congo,1990,34.761
Republic of Congo,1990,2.385
Côte d'Ivoire,1990,11.064
Equatorial Guinea,1990,0.427
Eritrea,1990,0.0
Eswatini,1990,0.794
Ethiopia,1990,44.249
Gabon,1990,0.93
The Gambia,1990,0.911
Ghana,1990,14.106
Guinea,1990,6.02
Guinea-Bissau,1990,0.959
Kenya,1990,22.0
Lesotho,1990,1.621
Liberia,1990,0.0
Madagascar,1990,11.306
Malawi,1990,10.039
Mali,1990,8.945
Mauritius,1990,1.059
Mozambique,1990,12.987
Namibia,1990,1.345
Niger,1990,8.019
Nigeria,1990,95.212
Rwanda,1990,7.073
São Tomé and Príncipe,1990,0.114
Senegal,1990,7.561
Seychelles,1990,0.07
Sierra Leone,1990,4.32
South Africa,1990,36.79
South Sudan,1990,0.0
Tanzania,1990,24.507
Togo,1990,3.876
Uganda,1990,15.782
Zambia,1990,7.53
Zimbabwe,1990,9.786
Angola,1991,12.229
Benin,1991,5.293
Botswana,1991,1.399
Burkina Faso,1991,9.365
Burundi,1991,5.62
Cabo Verde,1991,0.363
Cameroon,1991,12.025
Central African Republic,1991,2.98
Chad,1991,6.157
Comoros,1991,0.447
Democratic Republic of the Congo,1991,35.908
Republic of Congo,1991,2.453
Côte d'Ivoire,1991,11.508
Equatorial Guinea,1991,0.441
Eritrea,1991,0.0
Eswatini,1991,0.816
Ethiopia,1991,45.774
Gabon,1991,0.96
The Gambia,1991,0.948
Ghana,1991,14.443
Guinea,1991,6.352
Guinea-Bissau,1991,0.98
Kenya,1991,22.7
Lesotho,1991,1.643
Liberia,1991,0.0
Madagascar,1991,11.609
Malawi,1991,10.275
Mali,1991,9.124
Mauritius,1991,1.07
Mozambique,1991,13.328
Namibia,1991,1.403
Niger,1991,8.282
Nigeria,1991,97.668
Rwanda,1991,7.29
São Tomé and Príncipe,1991,0.118
Senegal,1991,7.776
Seychelles,1991,0.07
Sierra Leone,1991,4.349
South Africa,1991,37.69
South Sudan,1991,0.0
Tanzania,1991,25.336
Togo,1991,3.99
Uganda,1991,16.343
Zambia,1991,7.761
Zimbabwe,1991,10.093
Angola,1992,12.633
Benin,1992,5.458
Botswana,1992,1.439
Burkina Faso,1992,9.599
Burundi,1992,5.78
Cabo Verde,1992,0.371
Cameroon,1992,12.391
Central African Republic,1992,3.051
Chad,1992,6.357
Comoros,1992,0.457
Democratic Republic of the Congo,1992,37.334
Republic of Congo,1992,2.521
Côte d'Ivoire,1992,11.961
Equatorial Guinea,1992,0.455
Eritrea,1992,2.258
Eswatini,1992,0.837
Ethiopia,1992,47.359
Gabon,1992,0.99
The Gambia,1992,0.987
Ghana,1992,14.791
Guinea,1992,6.734
Guinea-Bissau,1992,1.003
Kenya,1992,23.4
Lesotho,1992,1.708
Liberia,1992,0.0
Madagascar,1992,11.92
Malawi,1992,10.4
Mali,1992,9.311
Mauritius,1992,1.084
Mozambique,1992,13.806
Namibia,1992,1.455
Niger,1992,8.564
Nigeria,1992,100.162
Rwanda,1992,7.295
São Tomé and Príncipe,1992,0.121
Senegal,1992,7.99
Seychelles,1992,0.071
Sierra Leone,1992,4.348
South Africa,1992,38.65
South Sudan,1992,0.0
Tanzania,1992,26.216
Togo,1992,4.106
Uganda,1992,16.873
Zambia,1992,7.992
Zimbabwe,1992,10.41
Angola,1993,13.038
Benin,1993,5.706
Botswana,1993,1.48
Burkina Faso,1993,9.84
Burundi,1993,5.77
Cabo Verde,1993,0.38
Cameroon,1993,12.764
Central African Republic,1993,3.125
Chad,1993,6.564
Comoros,1993,0.466
Democratic Republic of the Congo,1993,38.816
Republic of Congo,1993,2.594
Côte d'Ivoire,1993,13.142
Equatorial Guinea,1993,0.471
Eritrea,1993,2.239
Eswatini,1993,0.857
Ethiopia,1993,48.981
Gabon,1993,1.014
The Gambia,1993,1.045
Ghana,1993,15.15
Guinea,1993,7.136
Guinea-Bissau,1993,1.025
Kenya,1993,24.1
Lesotho,1993,1.749
Liberia,1993,0.0
Madagascar,1993,12.239
Malawi,1993,10.461
Mali,1993,9.507
Mauritius,1993,1.097
Mozambique,1993,14.371
Namibia,1993,1.504
Niger,1993,8.861
Nigeria,1993,102.701
Rwanda,1993,6.847
São Tomé and Príncipe,1993,0.123
Senegal,1993,8.227
Seychelles,1993,0.072
Sierra Leone,1993,4.329
South Africa,1993,39.62
South Sudan,1993,0.0
Tanzania,1993,27.116
Togo,1993,4.078
Uganda,1993,17.447
Zambia,1993,8.224
Zimbabwe,1993,10.776
Angola,1994,13.462
Benin,1994,5.923
Botswana,1994,1.519
Burkina Faso,1994,10.091
Burundi,1994,5.87
Cabo Verde,1994,0.379
Cameroon,1994,13.145
Central African Republic,1994,3.201
Chad,1994,6.781
Comoros,1994,0.476
Democratic Republic of the Congo,1994,40.253
Republic of Congo,1994,2.669
Côte d'Ivoire,1994,13.536
Equatorial Guinea,1994,0.487
Eritrea,1994,2.218
Eswatini,1994,0.876
Ethiopia,1994,50.606
Gabon,1994,1.039
The Gambia,1994,1.081
Ghana,1994,15.52
Guinea,1994,7.514
Guinea-Bissau,1994,1.048
Kenya,1994,24.8
Lesotho,1994,1.786
Liberia,1994,0.0
Madagascar,1994,12.607
Malawi,1994,10.533
Mali,1994,9.712
Mauritius,1994,1.113
Mozambique,1994,14.948
Namibia,1994,1.549
Niger,1994,9.171
Nigeria,1994,105.294
Rwanda,1994,6.346
São Tomé and Príncipe,1994,0.125
Senegal,1994,8.461
Seychelles,1994,0.074
Sierra Leone,1994,4.31
South Africa,1994,40.56
South Sudan,1994,0.0
Tanzania,1994,27.997
Togo,1994,4.093
Uganda,1994,18.021
Zambia,1994,8.474
Zimbabwe,1994,11.147
Angola,1995,13.912
Benin,1995,6.047
Botswana,1995,1.558
Burkina Faso,1995,10.353
Burundi,1995,5.98
Cabo Verde,1995,0.389
Cameroon,1995,13.513
Central African Republic,1995,3.276
Chad,1995,7.01
Comoros,1995,0.486
Democratic Republic of the Congo,1995,41.576
Republic of Congo,1995,2.742
Côte d'Ivoire,1995,13.929
Equatorial Guinea,1995,0.505
Eritrea,1995,2.204
Eswatini,1995,0.894
Ethiopia,1995,52.212
Gabon,1995,1.065
The Gambia,1995,1.115
Ghana,1995,15.902
Guinea,1995,7.837
Guinea-Bissau,1995,1.072
Kenya,1995,25.5
Lesotho,1995,1.877
Liberia,1995,0.0
Madagascar,1995,12.987
Malawi,1995,10.666
Mali,1995,9.921
Mauritius,1995,1.122
Mozambique,1995,15.483
Namibia,1995,1.594
Niger,1995,9.49
Nigeria,1995,107.948
Rwanda,1995,5.992
São Tomé and Príncipe,1995,0.127
Senegal,1995,8.69
Seychelles,1995,0.075
Sierra Leone,1995,4.304
South Africa,1995,41.43
South Sudan,1995,0.0
Tanzania,1995,28.829
Togo,1995,4.28
Uganda,1995,18.595
Zambia,1995,8.684
Zimbabwe,1995,11.523
Angola,1996,14.383
Benin,1996,6.204
Botswana,1996,1.595
Burkina Faso,1996,10.621
Burundi,1996,6.09
Cabo Verde,1996,0.399
Cameroon,1996,13.892
Central African Republic,1996,3.35
Chad,1996,7.251
Comoros,1996,0.497
Democratic Republic of the Congo,1996,42.757
Republic of Congo,1996,2.817
Côte d'Ivoire,1996,14.324
Equatorial Guinea,1996,0.524
Eritrea,1996,2.196
Eswatini,1996,0.912
Ethiopia,1996,53.789
Gabon,1996,1.092
The Gambia,1996,1.148
Ghana,1996,16.297
Guinea,1996,8.095
Guinea-Bissau,1996,1.095
Kenya,1996,26.3
Lesotho,1996,1.862
Liberia,1996,0.0
Madagascar,1996,13.378
Malawi,1996,10.876
Mali,1996,10.132
Mauritius,1996,1.134
Mozambique,1996,15.96
Namibia,1996,1.643
Niger,1996,9.827
Nigeria,1996,110.669
Rwanda,1996,5.925
São Tomé and Príncipe,1996,0.13
Senegal,1996,8.913
Seychelles,1996,0.076
Sierra Leone,1996,4.313
South Africa,1996,42.21
South Sudan,1996,0.0
Tanzania,1996,29.603
Togo,1996,4.446
Uganda,1996,19.214
Zambia,1996,8.902
Zimbabwe,1996,11.905
Angola,1997,14.871
Benin,1997,6.387
Botswana,1997,1.631
Burkina Faso,1997,10.897
Burundi,1997,6.19
Cabo Verde,1997,0.408
Cameroon,1997,14.28
Central African Republic,1997,3.425
Chad,1997,7.503
Comoros,1997,0.507
Democratic Republic of the Congo,1997,44.838
Republic of Congo,1997,2.875
Côte d'Ivoire,1997,14.836
Equatorial Guinea,1997,0.545
Eritrea,1997,2.195
Eswatini,1997,0.93
Ethiopia,1997,55.345
Gabon,1997,1.119
The Gambia,1997,1.201
Ghana,1997,16.703
Guinea,1997,8.296
Guinea-Bissau,1997,1.119
Kenya,1997,27.0
Lesotho,1997,1.864
Liberia,1997,0.0
Madagascar,1997,13.78
Malawi,1997,11.148
Mali,1997,10.359
Mauritius,1997,1.148
Mozambique,1997,16.397
Namibia,1997,1.696
Niger,1997,10.178
Nigeria,1997,113.458
Rwanda,1997,6.203
São Tomé and Príncipe,1997,0.132
Senegal,1997,9.131
Seychelles,1997,0.077
Sierra Leone,1997,4.335
South Africa,1997,42.92
South Sudan,1997,0.0
Tanzania,1997,30.33
Togo,1997,4.593
Uganda,1997,19.832
Zambia,1997,9.133
Zimbabwe,1997,11.786
Angola,1998,15.367
Benin,1998,6.584
Botswana,1998,1.666
Burkina Faso,1998,11.201
Burundi,1998,6.3
Cabo Verde,1998,0.417
Cameroon,1998,14.68
Central African Republic,1998,3.498
Chad,1998,7.77
Comoros,1998,0.518
Democratic Republic of the Congo,1998,45.734
Republic of Congo,1998,2.937
Côte d'Ivoire,1998,15.367
Equatorial Guinea,1998,0.567
Eritrea,1998,2.206
Eswatini,1998,0.939
Ethiopia,1998,56.891
Gabon,1998,1.147
The Gambia,1998,1.238
Ghana,1998,17.121
Guinea,1998,8.457
Guinea-Bissau,1998,1.144
Kenya,1998,27.8
Lesotho,1998,1.865
Liberia,1998,2.517
Madagascar,1998,14.195
Malawi,1998,11.458
Mali,1998,10.62
Mauritius,1998,1.16
Mozambique,1998,16.814
Namibia,1998,1.75
Niger,1998,10.546
Nigeria,1998,116.32
Rwanda,1998,6.769
São Tomé and Príncipe,1998,0.135
Senegal,1998,9.348
Seychelles,1998,0.079
Sierra Leone,1998,4.381
South Africa,1998,43.58
South Sudan,1998,0.0
Tanzania,1998,31.014
Togo,1998,4.728
Uganda,1998,20.45
Zambia,1998,9.372
Zimbabwe,1998,11.756
Angola,1999,15.871
Benin,1999,6.789
Botswana,1999,1.698
Burkina Faso,1999,11.534
Burundi,1999,6.489
Cabo Verde,1999,0.426
Cameroon,1999,15.091
Central African Republic,1999,3.57
Chad,1999,8.054
Comoros,1999,0.529
Democratic Republic of the Congo,1999,46.649
Republic of Congo,1999,3.017
Côte d'Ivoire,1999,15.806
Equatorial Guinea,1999,0.59
Eritrea,1999,2.237
Eswatini,1999,0.947
Ethiopia,1999,58.448
Gabon,1999,1.176
The Gambia,1999,1.277
Ghana,1999,17.55
Guinea,1999,8.601
Guinea-Bissau,1999,1.169
Kenya,1999,28.7
Lesotho,1999,1.867
Liberia,1999,2.7
Madagascar,1999,14.622
Malawi,1999,11.774
Mali,1999,10.917
Mauritius,1999,1.175
Mozambique,1999,17.244
Namibia,1999,1.805
Niger,1999,10.93
Nigeria,1999,119.26
Rwanda,1999,7.5
São Tomé and Príncipe,1999,0.137
Senegal,1999,9.569
Seychelles,1999,0.08
Sierra Leone,1999,4.462
South Africa,1999,44.23
South Sudan,1999,0.0
Tanzania,1999,31.751
Togo,1999,4.868
Uganda,1999,21.113
Zambia,1999,9.621
Zimbabwe,1999,11.724
Angola,2000,16.394
Benin,2000,6.998
Botswana,2000,1.727
Burkina Faso,2000,11.883
Burundi,2000,6.684
Cabo Verde,2000,0.435
Cameroon,2000,15.514
Central African Republic,2000,3.638
Chad,2000,8.356
Comoros,2000,0.54
Democratic Republic of the Congo,2000,48.049
Republic of Congo,2000,3.134
Côte d'Ivoire,2000,16.258
Equatorial Guinea,2000,0.614
Eritrea,2000,2.292
Eswatini,2000,0.956
Ethiopia,2000,60.03
Gabon,2000,1.205
The Gambia,2000,1.318
Ghana,2000,18.912
Guinea,2000,8.746
Guinea-Bissau,2000,1.194
Kenya,2000,29.5
Lesotho,2000,1.868
Liberia,2000,2.848
Madagascar,2000,15.063
Malawi,2000,12.07
Mali,2000,11.239
Mauritius,2000,1.187
Mozambique,2000,17.712
Namibia,2000,1.828
Niger,2000,11.332
Nigeria,2000,122.284
Rwanda,2000,7.7
São Tomé and Príncipe,2000,0.139
Senegal,2000,9.798
Seychelles,2000,0.081
Sierra Leone,2000,4.585
South Africa,2000,44.9
South Sudan,2000,0.0
Tanzania,2000,32.544
Togo,2000,5.008
Uganda,2000,21.82
Zambia,2000,9.891
Zimbabwe,2000,11.693
Angola,2001,16.942
Benin,2001,7.212
Botswana,2001,1.762
Burkina Faso,2001,12.25
Burundi,2001,6.884
Cabo Verde,2001,0.444
Cameroon,2001,15.929
Central African Republic,2001,3.704
Chad,2001,8.678
Comoros,2001,0.552
Democratic Republic of the Congo,2001,49.449
Republic of Congo,2001,3.254
Côte d'Ivoire,2001,16.723
Equatorial Guinea,2001,0.64
Eritrea,2001,2.375
Eswatini,2001,0.965
Ethiopia,2001,61.591
Gabon,2001,1.235
The Gambia,2001,1.36
Ghana,2001,19.397
Guinea,2001,8.895
Guinea-Bissau,2001,1.219
Kenya,2001,30.3
Lesotho,2001,1.869
Liberia,2001,2.954
Madagascar,2001,15.516
Malawi,2001,12.343
Mali,2001,11.584
Mauritius,2001,1.196
Mozambique,2001,18.222
Namibia,2001,1.83
Niger,2001,11.751
Nigeria,2001,125.394
Rwanda,2001,7.9
São Tomé and Príncipe,2001,0.142
Senegal,2001,10.036
Seychelles,2001,0.081
Sierra Leone,2001,4.754
South Africa,2001,45.724
South Sudan,2001,0.0
Tanzania,2001,33.406
Togo,2001,5.145
Uganda,2001,22.526
Zambia,2001,10.192
Zimbabwe,2001,11.663
Angola,2002,17.516
Benin,2002,7.432
Botswana,2002,1.795
Burkina Faso,2002,12.632
Burundi,2002,7.091
Cabo Verde,2002,0.452
Cameroon,2002,16.358
Central African Republic,2002,3.767
Chad,2002,9.019
Comoros,2002,0.564
Democratic Republic of the Congo,2002,50.971
Republic of Congo,2002,3.331
Côte d'Ivoire,2002,17.201
Equatorial Guinea,2002,0.666
Eritrea,2002,2.481
Eswatini,2002,0.974
Ethiopia,2002,63.192
Gabon,2002,1.266
The Gambia,2002,1.404
Ghana,2002,19.883
Guinea,2002,9.046
Guinea-Bissau,2002,1.246
Kenya,2002,31.1
Lesotho,2002,1.871
Liberia,2002,3.025
Madagascar,2002,15.983
Malawi,2002,12.813
Mali,2002,11.953
Mauritius,2002,1.205
Mozambique,2002,18.764
Namibia,2002,1.86
Niger,2002,12.19
Nigeria,2002,128.596
Rwanda,2002,8.1
São Tomé and Príncipe,2002,0.144
Senegal,2002,10.284
Seychelles,2002,0.083
Sierra Leone,2002,4.966
South Africa,2002,46.355
South Sudan,2002,0.0
Tanzania,2002,34.328
Togo,2002,5.282
Uganda,2002,23.277
Zambia,2002,10.508
Zimbabwe,2002,11.632
Angola,2003,18.124
Benin,2003,7.659
Botswana,2003,1.827
Burkina Faso,2003,13.031
Burundi,2003,7.26
Cabo Verde,2003,0.46
Cameroon,2003,16.801
Central African Republic,2003,3.83
Chad,2003,9.374
Comoros,2003,0.576
Democratic Republic of the Congo,2003,52.602
Republic of Congo,2003,3.425
Côte d'Ivoire,2003,17.693
Equatorial Guinea,2003,0.695
Eritrea,2003,2.601
Eswatini,2003,0.983
Ethiopia,2003,64.835
Gabon,2003,1.298
The Gambia,2003,1.45
Ghana,2003,20.371
Guinea,2003,9.205
Guinea-Bissau,2003,1.272
Kenya,2003,32.0
Lesotho,2003,1.872
Liberia,2003,3.077
Madagascar,2003,16.464
Malawi,2003,13.098
Mali,2003,12.342
Mauritius,2003,1.213
Mozambique,2003,19.331
Namibia,2003,1.891
Niger,2003,12.648
Nigeria,2003,131.901
Rwanda,2003,8.3
São Tomé and Príncipe,2003,0.147
Senegal,2003,10.541
Seychelles,2003,0.083
Sierra Leone,2003,5.201
South Africa,2003,46.806
South Sudan,2003,0.0
Tanzania,2003,35.302
Togo,2003,5.421
Uganda,2003,24.116
Zambia,2003,10.838
Zimbabwe,2003,11.64
Angola,2004,18.771
Benin,2004,7.895
Botswana,2004,1.859
Burkina Faso,2004,13.446
Burundi,2004,7.478
Cabo Verde,2004,0.468
Cameroon,2004,17.259
Central African Republic,2004,3.894
Chad,2004,9.735
Comoros,2004,0.59
Democratic Republic of the Congo,2004,54.315
Republic of Congo,2004,3.543
Côte d'Ivoire,2004,18.199
Equatorial Guinea,2004,0.725
Eritrea,2004,2.72
Eswatini,2004,0.992
Ethiopia,2004,66.521
Gabon,2004,1.33
The Gambia,2004,1.497
Ghana,2004,20.859
Guinea,2004,9.38
Guinea-Bissau,2004,1.299
Kenya,2004,32.9
Lesotho,2004,1.874
Liberia,2004,3.136
Madagascar,2004,16.96
Malawi,2004,13.385
Mali,2004,12.752
Mauritius,2004,1.221
Mozambique,2004,19.911
Namibia,2004,1.923
Niger,2004,13.126
Nigeria,2004,135.32
Rwanda,2004,8.6
São Tomé and Príncipe,2004,0.151
Senegal,2004,10.81
Seychelles,2004,0.082
Sierra Leone,2004,5.434
South Africa,2004,47.31
South Sudan,2004,0.0
Tanzania,2004,36.314
Togo,2004,5.565
Uganda,2004,24.956
Zambia,2004,11.188
Zimbabwe,2004,11.73
Angola,2005,19.451
Benin,2005,8.149
Botswana,2005,1.893
Burkina Faso,2005,13.876
Burundi,2005,7.512
Cabo Verde,2005,0.475
Cameroon,2005,17.733
Central African Republic,2005,3.961
Chad,2005,10.097
Comoros,2005,0.604
Democratic Republic of the Congo,2005,56.09
Republic of Congo,2005,3.673
Côte d'Ivoire,2005,18.719
Equatorial Guinea,2005,0.757
Eritrea,2005,2.827
Eswatini,2005,1.001
Ethiopia,2005,68.25
Gabon,2005,1.364
The Gambia,2005,1.544
Ghana,2005,21.367
Guinea,2005,9.576
Guinea-Bissau,2005,1.328
Kenya,2005,33.8
Lesotho,2005,1.875
Liberia,2005,3.218
Madagascar,2005,17.47
Malawi,2005,13.654
Mali,2005,13.181
Mauritius,2005,1.228
Mozambique,2005,20.494
Namibia,2005,1.957
Niger,2005,13.624
Nigeria,2005,138.865
Rwanda,2005,8.8
São Tomé and Príncipe,2005,0.155
Senegal,2005,11.09
Seychelles,2005,0.083
Sierra Leone,2005,5.646
South Africa,2005,47.86
South Sudan,2005,0.0
Tanzania,2005,37.354
Togo,2005,5.712
Uganda,2005,25.795
Zambia,2005,11.565
Zimbabwe,2005,11.83
Angola,2006,20.162
Benin,2006,8.403
Botswana,2006,1.929
Burkina Faso,2006,14.316
Burundi,2006,7.737
Cabo Verde,2006,0.481
Cameroon,2006,18.224
Central African Republic,2006,4.032
Chad,2006,10.457
Comoros,2006,0.62
Democratic Republic of the Congo,2006,57.927
Republic of Congo,2006,3.813
Côte d'Ivoire,2006,19.254
Equatorial Guinea,2006,0.792
Eritrea,2006,2.918
Eswatini,2006,1.01
Ethiopia,2006,70.025
Gabon,2006,1.398
The Gambia,2006,1.591
Ghana,2006,21.876
Guinea,2006,9.799
Guinea-Bissau,2006,1.356
Kenya,2006,34.7
Lesotho,2006,1.877
Liberia,2006,3.329
Madagascar,2006,17.996
Malawi,2006,14.043
Mali,2006,13.624
Mauritius,2006,1.234
Mozambique,2006,21.08
Namibia,2006,1.992
Niger,2006,14.144
Nigeria,2006,142.538
Rwanda,2006,9.0
São Tomé and Príncipe,2006,0.159
Senegal,2006,11.382
Seychelles,2006,0.085
Sierra Leone,2006,5.829
South Africa,2006,48.446
South Sudan,2006,0.0
Tanzania,2006,38.421
Togo,2006,5.874
Uganda,2006,26.678
Zambia,2006,11.972
Zimbabwe,2006,12.01
Angola,2007,20.91
Benin,2007,8.648
Botswana,2007,1.967
Burkina Faso,2007,14.757
Burundi,2007,7.969
Cabo Verde,2007,0.486
Cameroon,2007,18.73
Central African Republic,2007,4.107
Chad,2007,10.818
Comoros,2007,0.636
Democratic Republic of the Congo,2007,59.835
Republic of Congo,2007,3.956
Côte d'Ivoire,2007,19.805
Equatorial Guinea,2007,0.829
Eritrea,2007,2.997
Eswatini,2007,1.018
Ethiopia,2007,72.421
Gabon,2007,1.44
The Gambia,2007,1.64
Ghana,2007,22.388
Guinea,2007,10.047
Guinea-Bissau,2007,1.386
Kenya,2007,35.7
Lesotho,2007,1.889
Liberia,2007,3.462
Madagascar,2007,18.538
Malawi,2007,14.439
Mali,2007,14.081
Mauritius,2007,1.24
Mozambique,2007,21.673
Namibia,2007,1.994
Niger,2007,14.685
Nigeria,2007,146.34
Rwanda,2007,9.2
São Tomé and Príncipe,2007,0.163
Senegal,2007,11.687
Seychelles,2007,0.085
Sierra Leone,2007,5.99
South Africa,2007,49.089
South Sudan,2007,0.0
Tanzania,2007,39.522
Togo,2007,6.048
Uganda,2007,27.606
Zambia,2007,12.402
Zimbabwe,2007,12.04
Angola,2008,21.692
Benin,2008,8.906
Botswana,2008,2.007
Burkina Faso,2008,15.198
Burundi,2008,8.232
Cabo Verde,2008,0.492
Cameroon,2008,19.253
Central African Republic,2008,4.185
Chad,2008,11.184
Comoros,2008,0.652
Democratic Republic of the Congo,2008,61.809
Republic of Congo,2008,4.09
Côte d'Ivoire,2008,20.371
Equatorial Guinea,2008,0.868
Eritrea,2008,3.063
Eswatini,2008,1.026
Ethiopia,2008,74.879
Gabon,2008,1.494
The Gambia,2008,1.689
Ghana,2008,22.901
Guinea,2008,10.315
Guinea-Bissau,2008,1.417
Kenya,2008,36.7
Lesotho,2008,1.902
Liberia,2008,3.608
Madagascar,2008,19.096
Malawi,2008,14.846
Mali,2008,14.551
Mauritius,2008,1.244
Mozambique,2008,22.277
Namibia,2008,2.024
Niger,2008,15.251
Nigeria,2008,150.27
Rwanda,2008,9.5
São Tomé and Príncipe,2008,0.167
Senegal,2008,12.005
Seychelles,2008,0.087
Sierra Leone,2008,6.134
South Africa,2008,49.795
South Sudan,2008,0.0
Tanzania,2008,40.64
Togo,2008,6.222
Uganda,2008,28.578
Zambia,2008,12.853
Zimbabwe,2008,12.12
Angola,2009,22.508
Benin,2009,9.173
Botswana,2009,2.049
Burkina Faso,2009,15.65
Burundi,2009,8.504
Cabo Verde,2009,0.497
Cameroon,2009,19.79
Central African Republic,2009,4.266
Chad,2009,11.56
Comoros,2009,0.669
Democratic Republic of the Congo,2009,63.845
Republic of Congo,2009,4.257
Côte d'Ivoire,2009,20.954
Equatorial Guinea,2009,0.909
Eritrea,2009,3.12
Eswatini,2009,1.033
Ethiopia,2009,76.826
Gabon,2009,1.551
The Gambia,2009,1.74
Ghana,2009,23.417
Guinea,2009,10.593
Guinea-Bissau,2009,1.449
Kenya,2009,37.7
Lesotho,2009,1.915
Liberia,2009,3.754
Madagascar,2009,19.67
Malawi,2009,15.274
Mali,2009,15.033
Mauritius,2009,1.247
Mozambique,2009,22.895
Namibia,2009,2.054
Niger,2009,15.843
Nigeria,2009,154.325
Rwanda,2009,9.7
São Tomé and Príncipe,2009,0.171
Senegal,2009,12.335
Seychelles,2009,0.087
Sierra Leone,2009,6.273
South Africa,2009,50.545
South Sudan,2009,0.0
Tanzania,2009,41.824
Togo,2009,6.399
Uganda,2009,29.549
Zambia,2009,13.318
Zimbabwe,2009,12.23
Angola,2010,23.364
Benin,2010,9.446
Botswana,2010,2.092
Burkina Faso,2010,16.117
Burundi,2010,8.776
Cabo Verde,2010,0.502
Cameroon,2010,20.341
Central African Republic,2010,4.35
Chad,2010,11.952
Comoros,2010,0.687
Democratic Republic of the Congo,2010,65.939
Republic of Congo,2010,4.438
Côte d'Ivoire,2010,21.553
Equatorial Guinea,2010,0.951
Eritrea,2010,3.17
Eswatini,2010,1.041
Ethiopia,2010,78.824
Gabon,2010,1.61
The Gambia,2010,1.793
Ghana,2010,24.659
Guinea,2010,10.876
Guinea-Bissau,2010,1.46
Kenya,2010,38.6
Lesotho,2010,1.928
Liberia,2010,3.891
Madagascar,2010,20.262
Malawi,2010,15.714
Mali,2010,15.529
Mauritius,2010,1.25
Mozambique,2010,23.532
Namibia,2010,2.085
Niger,2010,16.464
Nigeria,2010,158.503
Rwanda,2010,10.0
São Tomé and Príncipe,2010,0.175
Senegal,2010,12.678
Seychelles,2010,0.09
Sierra Leone,2010,6.416
South Africa,2010,51.329
South Sudan,2010,0.0
Tanzania,2010,43.06
Togo,2010,6.572
Uganda,2010,30.521
Zambia,2010,13.792
Zimbabwe,2010,12.34
Angola,2011,24.259
Benin,2011,9.726
Botswana,2011,2.134
Burkina Faso,2011,16.603
Burundi,2011,9.048
Cabo Verde,2011,0.508
Cameroon,2011,20.906
Central African Republic,2011,4.419
Chad,2011,12.361
Comoros,2011,0.705
Democratic Republic of the Congo,2011,68.087
Republic of Congo,2011,4.584
Côte d'Ivoire,2011,22.169
Equatorial Guinea,2011,0.994
Eritrea,2011,3.214
Eswatini,2011,1.048
Ethiopia,2011,80.7
Gabon,2011,1.671
The Gambia,2011,1.848
Ghana,2011,25.261
Guinea,2011,11.162
Guinea-Bissau,2011,1.492
Kenya,2011,39.5
Lesotho,2011,1.941
Liberia,2011,4.017
Madagascar,2011,20.872
Malawi,2011,16.166
Mali,2011,16.04
Mauritius,2011,1.252
Mozambique,2011,24.188
Namibia,2011,2.116
Niger,2011,17.115
Nigeria,2011,162.805
Rwanda,2011,10.2
São Tomé and Príncipe,2011,0.179
Senegal,2011,13.034
Seychelles,2011,0.087
Sierra Leone,2011,6.563
South Africa,2011,52.129
South Sudan,2011,10.449
Tanzania,2011,44.348
Togo,2011,6.749
Uganda,2011,31.537
Zambia,2011,14.266
Zimbabwe,2011,12.459
Angola,2012,25.188
Benin,2012,10.014
Botswana,2012,2.175
Burkina Faso,2012,17.114
Burundi,2012,9.329
Cabo Verde,2012,0.514
Cameroon,2012,21.485
Central African Republic,2012,4.436
Chad,2012,12.785
Comoros,2012,0.724
Democratic Republic of the Congo,2012,70.291
Republic of Congo,2012,4.713
Côte d'Ivoire,2012,22.803
Equatorial Guinea,2012,1.039
Eritrea,2012,3.25
Eswatini,2012,1.056
Ethiopia,2012,82.7
Gabon,2012,1.735
The Gambia,2012,1.905
Ghana,2012,25.867
Guinea,2012,11.451
Guinea-Bissau,2012,1.525
Kenya,2012,40.4
Lesotho,2012,1.954
Liberia,2012,4.136
Madagascar,2012,21.501
Malawi,2012,16.632
Mali,2012,16.515
Mauritius,2012,1.256
Mozambique,2012,24.863
Namibia,2012,2.155
Niger,2012,17.795
Nigeria,2012,167.229
Rwanda,2012,10.483
São Tomé and Príncipe,2012,0.183
Senegal,2012,13.402
Seychelles,2012,0.088
Sierra Leone,2012,6.713
South Africa,2012,52.93
South Sudan,2012,10.818
Tanzania,2012,45.688
Togo,2012,6.927
Uganda,2012,32.548
Zambia,2012,14.745
Zimbabwe,2012,13.061
Angola,2013,26.147
Benin,2013,10.309
Botswana,2013,2.217
Burkina Faso,2013,17.636
Burundi,2013,9.618
Cabo Verde,2013,0.52
Cameroon,2013,22.077
Central African Republic,2013,4.448
Chad,2013,13.22
Comoros,2013,0.744
Democratic Republic of the Congo,2013,72.553
Republic of Congo,2013,4.828
Côte d'Ivoire,2013,23.455
Equatorial Guinea,2013,1.084
Eritrea,2013,3.281
Eswatini,2013,1.063
Ethiopia,2013,84.8
Gabon,2013,1.803
The Gambia,2013,1.964
Ghana,2013,26.479
Guinea,2013,11.745
Guinea-Bissau,2013,1.559
Kenya,2013,41.4
Lesotho,2013,1.967
Liberia,2013,4.248
Madagascar,2013,22.148
Malawi,2013,17.111
Mali,2013,17.004
Mauritius,2013,1.259
Mozambique,2013,25.561
Namibia,2013,2.196
Niger,2013,18.504
Nigeria,2013,171.766
Rwanda,2013,10.737
São Tomé and Príncipe,2013,0.187
Senegal,2013,13.782
Seychelles,2013,0.09
Sierra Leone,2013,6.864
South Africa,2013,53.751
South Sudan,2013,11.177
Tanzania,2013,47.076
Togo,2013,7.106
Uganda,2013,33.51
Zambia,2013,15.235
Zimbabwe,2013,13.43
Angola,2014,27.128
Benin,2014,10.615
Botswana,2014,2.26
Burkina Faso,2014,18.17
Burundi,2014,9.907
Cabo Verde,2014,0.526
Cameroon,2014,22.682
Central African Republic,2014,4.464
Chad,2014,13.664
Comoros,2014,0.764
Democratic Republic of the Congo,2014,74.877
Republic of Congo,2014,4.945
Côte d'Ivoire,2014,24.126
Equatorial Guinea,2014,1.129
Eritrea,2014,3.311
Eswatini,2014,1.071
Ethiopia,2014,87.0
Gabon,2014,1.868
The Gambia,2014,2.024
Ghana,2014,27.092
Guinea,2014,12.044
Guinea-Bissau,2014,1.593
Kenya,2014,42.4
Lesotho,2014,1.98
Liberia,2014,4.36
Madagascar,2014,22.814
Malawi,2014,17.604
Mali,2014,17.552
Mauritius,2014,1.261
Mozambique,2014,26.286
Namibia,2014,2.238
Niger,2014,19.24
Nigeria,2014,176.405
Rwanda,2014,10.997
São Tomé and Príncipe,2014,0.191
Senegal,2014,14.175
Seychelles,2014,0.091
Sierra Leone,2014,7.017
South Africa,2014,54.574
South Sudan,2014,11.531
Tanzania,2014,48.511
Togo,2014,7.288
Uganda,2014,34.477
Zambia,2014,15.738
Zimbabwe,2014,13.778
Angola,2015,28.128
Benin,2015,10.933
Botswana,2015,2.305
Burkina Faso,2015,18.718
Burundi,2015,10.204
Cabo Verde,2015,0.533
Cameroon,2015,23.298
Central African Republic,2015,4.493
Chad,2015,14.111
Comoros,2015,0.785
Democratic Republic of the Congo,2015,77.267
Republic of Congo,2015,5.064
Côte d'Ivoire,2015,24.816
Equatorial Guinea,2015,1.175
Eritrea,2015,3.343
Eswatini,2015,1.078
Ethiopia,2015,89.1
Gabon,2015,1.93
The Gambia,2015,2.086
Ghana,2015,27.707
Guinea,2015,12.345
Guinea-Bissau,2015,1.628
Kenya,2015,43.3
Lesotho,2015,1.994
Liberia,2015,4.472
Madagascar,2015,23.501
Malawi,2015,18.111
Mali,2015,18.113
Mauritius,2015,1.263
Mozambique,2015,27.042
Namibia,2015,2.281
Niger,2015,20.002
Nigeria,2015,181.137
Rwanda,2015,11.263
São Tomé and Príncipe,2015,0.196
Senegal,2015,14.578
Seychelles,2015,0.093
Sierra Leone,2015,7.172
South Africa,2015,55.407
South Sudan,2015,11.882
Tanzania,2015,49.989
Togo,2015,7.473
Uganda,2015,35.492
Zambia,2015,16.248
Zimbabwe,2015,14.009
Angola,2016,29.155
Benin,2016,11.26
Botswana,2016,2.352
Burkina Faso,2016,19.275
Burundi,2016,10.53
Cabo Verde,2016,0.54
Cameroon,2016,23.927
Central African Republic,2016,4.538
Chad,2016,14.562
Comoros,2016,0.806
Democratic Republic of the Congo,2016,79.801
Republic of Congo,2016,5.187
Côte d'Ivoire,2016,25.525
Equatorial Guinea,2016,1.221
Eritrea,2016,3.377
Eswatini,2016,1.086
Ethiopia,2016,91.2
Gabon,2016,1.98
The Gambia,2016,2.149
Ghana,2016,28.324
Guinea,2016,12.654
Guinea-Bissau,2016,1.664
Kenya,2016,44.3
Lesotho,2016,2.007
Liberia,2016,4.587
Madagascar,2016,24.209
Malawi,2016,18.632
Mali,2016,18.7
Mauritius,2016,1.264
Mozambique,2016,27.83
Namibia,2016,2.324
Niger,2016,20.789
Nigeria,2016,185.96
Rwanda,2016,11.533
São Tomé and Príncipe,2016,0.2
Senegal,2016,14.994
Seychelles,2016,0.094
Sierra Leone,2016,7.329
South Africa,2016,56.252
South Sudan,2016,12.231
Tanzania,2016,51.51
Togo,2016,7.661
Uganda,2016,36.561
Zambia,2016,16.768
Zimbabwe,2016,14.228
Angola,2017,30.209
Benin,2017,11.597
Botswana,2017,2.402
Burkina Faso,2017,19.836
Burundi,2017,10.867
Cabo Verde,2017,0.546
Cameroon,2017,24.566
Central African Republic,2017,4.596
Chad,2017,15.017
Comoros,2017,0.828
Democratic Republic of the Congo,2017,82.417
Republic of Congo,2017,5.312
Côte d'Ivoire,2017,26.255
Equatorial Guinea,2017,1.268
Eritrea,2017,3.413
Eswatini,2017,1.093
Ethiopia,2017,93.4
Gabon,2017,2.025
The Gambia,2017,2.214
Ghana,2017,28.94
Guinea,2017,12.97
Guinea-Bissau,2017,1.7
Kenya,2017,45.4
Lesotho,2017,2.021
Liberia,2017,4.702
Madagascar,2017,24.937
Malawi,2017,19.169
Mali,2017,19.311
Mauritius,2017,1.265
Mozambique,2017,28.649
Namibia,2017,2.369
Niger,2017,21.602
Nigeria,2017,190.873
Rwanda,2017,11.809
São Tomé and Príncipe,2017,0.204
Senegal,2017,15.419
Seychelles,2017,0.094
Sierra Leone,2017,7.488
South Africa,2017,57.098
South Sudan,2017,12.585
Tanzania,2017,53.074
Togo,2017,7.853
Uganda,2017,37.674
Zambia,2017,17.298
Zimbabwe,2017,14.437
Angola,2018,31.274
Benin,2018,11.941
Botswana,2018,2.451
Burkina Faso,2018,20.393
Burundi,2018,11.193
Cabo Verde,2018,0.544
Cameroon,2018,25.216
Central African Republic,2018,4.666
Chad,2018,15.478
Comoros,2018,0.851
Democratic Republic of the Congo,2018,85.12
Republic of Congo,2018,5.441
Côte d'Ivoire,2018,27.006
Equatorial Guinea,2018,1.314
Eritrea,2018,3.453
Eswatini,2018,1.104
Ethiopia,2018,95.5
Gabon,2018,2.053
The Gambia,2018,2.28
Ghana,2018,29.555
Guinea,2018,13.294
Guinea-Bissau,2018,1.738
Kenya,2018,46.4
Lesotho,2018,2.034
Liberia,2018,4.819
Madagascar,2018,25.674
Malawi,2018,19.721
Mali,2018,19.934
Mauritius,2018,1.266
Mozambique,2018,29.424
Namibia,2018,2.414
Niger,2018,22.443
Nigeria,2018,195.875
Rwanda,2018,12.09
São Tomé and Príncipe,2018,0.209
Senegal,2018,15.854
Seychelles,2018,0.095
Sierra Leone,2018,7.65
South Africa,2018,57.939
South Sudan,2018,12.976
Tanzania,2018,54.68
Togo,2018,8.047
Uganda,2018,38.823
Zambia,2018,17.836
Zimbabwe,2018,14.642
Angola,2019,32.354
Benin,2019,12.29
Botswana,2019,2.5
Burkina Faso,2019,20.952
Burundi,2019,11.529
Cabo Verde,2019,0.55
Cameroon,2019,25.876
Central African Republic,2019,4.745
Chad,2019,15.947
Comoros,2019,0.874
Democratic Republic of the Congo,2019,87.911
Republic of Congo,2019,5.571
Côte d'Ivoire,2019,27.778
Equatorial Guinea,2019,1.36
Eritrea,2019,3.497
Eswatini,2019,1.115
Ethiopia,2019,97.6
Gabon,2019,2.08
The Gambia,2019,2.349
Ghana,2019,30.168
Guinea,2019,13.627
Guinea-Bissau,2019,1.776
Kenya,2019,47.6
Lesotho,2019,2.048
Liberia,2019,4.937
Madagascar,2019,26.525
Malawi,2019,20.289
Mali,2019,20.567
Mauritius,2019,1.265
Mozambique,2019,30.286
Namibia,2019,2.459
Niger,2019,23.311
Nigeria,2019,200.964
Rwanda,2019,12.374
São Tomé and Príncipe,2019,0.213
Senegal,2019,16.296
Seychelles,2019,0.096
Sierra Leone,2019,7.813
South Africa,2019,58.775
South Sudan,2019,13.378
Tanzania,2019,56.322
Togo,2019,8.243
Uganda,2019,39.823
Zambia,2019,18.38
Zimbabwe,2019,14.905
Angola,2020,33.428
Benin,2020,12.643
Botswana,2020,2.546
Burkina Faso,2020,21.54
Burundi,2020,11.875
Cabo Verde,2020,0.557
Cameroon,2020,26.546
Central African Republic,2020,4.83
Chad,2020,16.426
Comoros,2020,0.897
Democratic Republic of the Congo,2020,90.794
Republic of Congo,2020,5.702
Côte d'Ivoire,2020,28.572
Equatorial Guinea,2020,1.406
Eritrea,2020,0.0
Eswatini,2020,1.127
Ethiopia,2020,99.7
Gabon,2020,2.108
The Gambia,2020,2.419
Ghana,2020,30.779
Guinea,2020,13.967
Guinea-Bissau,2020,1.815
Kenya,2020,48.797
Lesotho,2020,2.062
Liberia,2020,5.058
Madagascar,2020,27.34
Malawi,2020,20.873
Mali,2020,21.23
Mauritius,2020,1.266
Mozambique,2020,31.178
Namibia,2020,2.504
Niger,2020,24.207
Nigeria,2020,206.14
Rwanda,2020,12.663
São Tomé and Príncipe,2020,0.218
Senegal,2020,16.744
Seychelles,2020,0.097
Sierra Leone,2020,7.977
South Africa,2020,59.622
South Sudan,2020,13.779
Tanzania,2020,58.001
Togo,2020,8.443
Uganda,2020,41.222
Zambia,2020,18.928
Zimbabwe,2020,15.189
Angola,2021,34.504
Benin,2021,12.997
Botswana,2021,2.588
Burkina Faso,2021,22.145
Burundi,2021,12.231
Cabo Verde,2021,0.563
Cameroon,2021,27.224
Central African Republic,2021,4.92
Chad,2021,16.915
Comoros,2021,0.921
Democratic Republic of the Congo,2021,93.751
Republic of Congo,2021,5.836
Côte d'Ivoire,2021,29.389
Equatorial Guinea,2021,1.452
Eritrea,2021,0.0
Eswatini,2021,1.139
Ethiopia,2021,101.9
Gabon,2021,2.135
The Gambia,2021,2.492
Ghana,2021,31.394
Guinea,2021,14.317
Guinea-Bissau,2021,1.855
Kenya,2021,49.747
Lesotho,2021,2.087
Liberia,2021,5.18
Madagascar,2021,28.178
Malawi,2021,21.474
Mali,2021,21.915
Mauritius,2021,1.264
Mozambique,2021,32.077
Namibia,2021,2.55
Niger,2021,25.131
Nigeria,2021,211.401
Rwanda,2021,12.956
São Tomé and Príncipe,2021,0.223
Senegal,2021,17.204
Seychelles,2021,0.098
Sierra Leone,2021,8.141
South Africa,2021,60.143
South Sudan,2021,14.179
Tanzania,2021,59.73
Togo,2021,8.647
Uganda,2021,42.46
Zambia,2021,19.473
Zimbabwe,2021,15.492
Angola,2022,35.711
Benin,2022,13.366
Botswana,2022,2.63
Burkina Faso,2022,22.766
Burundi,2022,12.598
Cabo Verde,2022,0.57
Cameroon,2022,27.912
Central African Republic,2022,5.017
Chad,2022,17.414
Comoros,2022,0.955
Democratic Republic of the Congo,2022,96.801
Republic of Congo,2022,5.97
Côte d'Ivoire,2022,30.229
Equatorial Guinea,2022,1.498
Eritrea,2022,0.0
Eswatini,2022,1.151
Ethiopia,2022,104.082
Gabon,2022,2.161
The Gambia,2022,2.567
Ghana,2022,32.082
Guinea,2022,14.674
Guinea-Bissau,2022,1.896
Kenya,2022,50.64
Lesotho,2022,2.112
Liberia,2022,5.305
Madagascar,2022,28.961
Malawi,2022,22.093
Mali,2022,22.621
Mauritius,2022,1.261
Mozambique,2022,32.97
Namibia,2022,2.596
Niger,2022,26.084
Nigeria,2022,216.747
Rwanda,2022,13.246
São Tomé and Príncipe,2022,0.227
Senegal,2022,17.676
Seychelles,2022,0.099
Sierra Leone,2022,8.309
South Africa,2022,60.604
South Sudan,2022,14.59
Tanzania,2022,61.51
Togo,2022,8.856
Uganda,2022,43.95
Zambia,2022,20.018
Zimbabwe,2022,15.817
Angola,2023,36.783
Benin,2023,13.745
Botswana,2023,2.675
Burkina Faso,2023,23.405
Burundi,2023,12.976
Cabo Verde,2023,0.577
Cameroon,2023,28.608
Central African Republic,2023,5.119
Chad,2023,17.921
Comoros,2023,0.991
Democratic Republic of the Congo,2023,99.948
Republic of Congo,2023,6.138
Côte d'Ivoire,2023,31.094
Equatorial Guinea,2023,1.544
Eritrea,2023,0.0
Eswatini,2023,1.163
Ethiopia,2023,105.707
Gabon,2023,2.209
The Gambia,2023,2.644
Ghana,2023,32.902
Guinea,2023,15.041
Guinea-Bissau,2023,1.937
Kenya,2023,51.539
Lesotho,2023,2.138
Liberia,2023,5.432
Madagascar,2023,29.766
Malawi,2023,22.729
Mali,2023,23.348
Mauritius,2023,1.261
Mozambique,2023,33.897
Namibia,2023,2.643
Niger,2023,27.066
Nigeria,2023,222.182
Rwanda,2023,13.499
São Tomé and Príncipe,2023,0.232
Senegal,2023,18.162
Seychelles,2023,0.1
Sierra Leone,2023,8.48
South Africa,2023,61.528
South Sudan,2023,15.013
Tanzania,2023,63.343
Togo,2023,9.07
Uganda,2023,45.484
Zambia,2023,20.57
Zimbabwe,2023,16.164
Angola,2024,37.886
Benin,2024,14.132
Botswana,2024,2.72
Burkina Faso,2024,24.062
Burundi,2024,13.365
Cabo Verde,2024,0.584
Cameroon,2024,29.315
Central African Republic,2024,5.227
Chad,2024,18.437
Comoros,2024,1.027
Democratic Republic of the Congo,2024,103.197
Republic of Congo,2024,6.309
Côte d'Ivoire,2024,31.983
Equatorial Guinea,2024,1.59
Eritrea,2024,0.0
Eswatini,2024,1.176
Ethiopia,2024,107.399
Gabon,2024,2.258
The Gambia,2024,2.724
Ghana,2024,33.743
Guinea,2024,15.417
Guinea-Bissau,2024,1.978
Kenya,2024,52.444
Lesotho,2024,2.164
Liberia,2024,5.561
Madagascar,2024,30.594
Malawi,2024,23.384
Mali,2024,24.101
Mauritius,2024,1.261
Mozambique,2024,34.858
Namibia,2024,2.69
Niger,2024,28.08
Nigeria,2024,227.713
Rwanda,2024,13.857
São Tomé and Príncipe,2024,0.237
Senegal,2024,18.661
Seychelles,2024,0.101
Sierra Leone,2024,8.655
South Africa,2024,62.467
South Sudan,2024,15.448
Tanzania,2024,65.231
Togo,2024,9.29
Uganda,2024,46.848
Zambia,2024,21.135
Zimbabwe,2024,16.481
